run_id,contamination,round,indices
e99853e3-eef5-4177-8f89-614563be78b6,0.05,0,"[6, 39, 70, 92, 100, 123, 129, 150, 229, 247, 255, 330, 405, 441, 458, 485, 494, 497, 509, 535, 544, 567, 573, 681, 700, 703, 758, 759, 785, 790, 906, 915, 937, 971, 976, 1045, 1053, 1084, 1099, 1117, 1153, 1156, 1163, 1189, 1216, 1219, 1264, 1273, 1279, 1309, 1311, 1339, 1363, 1400, 1415, 1428, 1466, 1477, 1492, 1499, 1535, 1543, 1544, 1568, 1621, 1663, 1664, 1680, 1684, 1710, 1743, 1748, 1765, 1799, 1821, 1843, 1875, 1883, 1889, 1900, 1971, 1994, 2033, 2054, 2105, 2110, 2178, 2207, 2221, 2243, 2257, 2315, 2326, 2349, 2372, 2373, 2393, 2404, 2406, 2411, 2420, 2433, 2435, 2451, 2456, 2471, 2498, 2519, 2523, 2550, 2565, 2591, 2607, 2660, 2679, 2681, 2706, 2708, 2710, 2737, 2746, 2750, 2761, 2781, 2782, 2793, 2797, 2819, 2830, 2836, 2840, 2858, 2886, 2927, 2930, 2932, 2975, 2985, 3003, 3038, 3066, 3074, 3077, 3099, 3134, 3150, 3155, 3171, 3174, 3188, 3207, 3243, 3304, 3312, 3317, 3335, 3343, 3345, 3355, 3393, 3405, 3416, 3422, 3450, 3488, 3509, 3520, 3527, 3537, 3545, 3558, 3559, 3586, 3587, 3591, 3599, 3601, 3603, 3622, 3623, 3641, 3649, 3656, 3685, 3686, 3732, 3747, 3749, 3802, 3820, 3838, 3840, 3866, 3893, 3904, 3965, 3979, 3992, 4005, 4029, 4035, 4080, 4092, 4105, 4112, 4120, 4134, 4154, 4166, 4171, 4184, 4185, 4238, 4252, 4261, 4368, 4369, 4379, 4383, 4390, 4448, 4479, 4520, 4529, 4544, 4570, 4571, 4576, 4590, 4595, 4606, 4626, 4648, 4652, 4673, 4716, 4726, 4783, 4792, 4797, 4874, 4881, 4887, 4955, 4957, 4970, 4972, 4981, 4994, 5006, 5013, 5017, 5023, 5051, 5061, 5081, 5089, 5101, 5116, 5147, 5182, 5187, 5204, 5230, 5231, 5257, 5276, 5280, 5317, 5364, 5372, 5402, 5407, 5408, 5417, 5442, 5521, 5543, 5550, 5568, 5608, 5611, 5631, 5654, 5661, 5666, 5667, 5672, 5700, 5702, 5714, 5734, 5742, 5748, 5849, 5874, 5950, 5982, 5988, 6027, 6035, 6155, 6156, 6170, 6177, 6213, 6265, 6300, 6373, 6447, 6552, 6568, 6576, 6600, 6607, 6613, 6638, 6665, 6688, 6738, 6748, 6765, 6783, 6794, 6835, 6868, 6876, 6887, 6890, 6917, 6929, 6949, 6958, 6976, 7047, 7057, 7067, 7076, 7095, 7116, 7120, 7146, 7166, 7189, 7280, 7319, 7352, 7385, 7439, 7463, 7486, 7495, 7503, 7533, 7534, 7537, 7566, 7586, 7609, 7674, 7683, 7723, 7738, 7767, 7772, 7805, 7826, 7828, 7868, 7873, 7907, 7926, 7955, 7995, 8021, 8028, 8029, 8068, 8089, 8094, 8099, 8155, 8192, 8193, 8196, 8210, 8217, 8247, 8250, 8254, 8256, 8272, 8288, 8291, 8373, 8396, 8398, 8406, 8412, 8418, 8492, 8493, 8511, 8535, 8589, 8615, 8641, 8667, 8671, 8723, 8751, 8783, 8785, 8791, 8813, 8853, 8861, 8886, 8899, 8900, 8925, 8943, 8949, 8958, 8961, 8974, 9017, 9080, 9085, 9108, 9126, 9154, 9163, 9181, 9196, 9210, 9221, 9233, 9258, 9263, 9269, 9283, 9293, 9341, 9365, 9366, 9392, 9427, 9436, 9460, 9474, 9514, 9530, 9544, 9546, 9560, 9604, 9679, 9787, 9802, 9812, 9854, 9872, 9887, 9902, 9935, 9948, 9952, 9985, 10009, 10036, 10039, 10067, 10072, 10102, 10112, 10131, 10168, 10182, 10210, 10211, 10269, 10293, 10294, 10307, 10325, 10339, 10354, 10362, 10369, 10371, 10392, 10407, 10417, 10504, 10513, 10533, 10566, 10567, 10577, 10578, 10586, 10622, 10670, 10708, 10710, 10716, 10724, 10743, 10745, 10804, 10822, 10827, 10849, 10856, 10859, 10916, 10937, 10962, 10997, 10999, 11015, 11032, 11101, 11119, 11132, 11164, 11165, 11190, 11222, 11235, 11246, 11252, 11258, 11289, 11311, 11316, 11327, 11341, 11348, 11353, 11357, 11388, 11398, 11409, 11420, 11474, 11506, 11529, 11558, 11559, 11574, 11589, 11617, 11632, 11637, 11640, 11649, 11706, 11719, 11720, 11759, 11764, 11786, 11788, 11799, 11810, 11824, 11837, 11840, 11936, 11952, 11984, 11987, 11996, 12008, 12013, 12024, 12037, 12050, 12072, 12128, 12153, 12218, 12230, 12252, 12254, 12261, 12319, 12375, 12400, 12406, 12445, 12456, 12464, 12491, 12527, 12565, 12568, 12586, 12587, 12613, 12628, 12633, 12644, 12646, 12664, 12668, 12690, 12728, 12750, 12766, 12768, 12780, 12793, 12795, 12816, 12836, 12863, 12880, 12904, 12924, 12937, 12954, 12956, 12958, 12959, 12961, 12994, 12996, 12999, 13069, 13097, 13106, 13181, 13183, 13223, 13259, 13327, 13352, 13365, 13429, 13445, 13448, 13480, 13503, 13521, 13524, 13525, 13552, 13564, 13568, 13575, 13603, 13620, 13622, 13628, 13639, 13647, 13702, 13708, 13722, 13745, 13764, 13773, 13780, 13820, 13853, 13885, 13969, 13989, 13995, 14011, 14024, 14033, 14060, 14064, 14078, 14098, 14100, 14129, 14220, 14231, 14234, 14254, 14303, 14310, 14311, 14413, 14417, 14447, 14448, 14470, 14571, 14577, 14579, 14584, 14590, 14624, 14642, 14647, 14665, 14669, 14704, 14717, 14743, 14748, 14777, 14790, 14798, 14802, 14809, 14852, 14854, 14866, 14869, 14870, 14895, 14902, 14923, 14933, 14939, 14947, 14993, 15007, 15027, 15051, 15077, 15120, 15122, 15134, 15135, 15147, 15167, 15172, 15190, 15192, 15207, 15246, 15252, 15261, 15293, 15296, 15302, 15323, 15339, 15368, 15373, 15421, 15444, 15467, 15489, 15493, 15503, 15517, 15548, 15550, 15551, 15595, 15602, 15609, 15610, 15641, 15647, 15676, 15694, 15730, 15804, 15813, 15817, 15846, 15903, 15907, 15942, 15949, 15957, 16017, 16018, 16052, 16059, 16062, 16088, 16115, 16142, 16148, 16152, 16159, 16164, 16177, 16195, 16199, 16202, 16216, 16225, 16233, 16254, 16294, 16307, 16322, 16326, 16346, 16407, 16429, 16447, 16450, 16453, 16476, 16479, 16481, 16504, 16525, 16544, 16567, 16589, 16595, 16611, 16614, 16659, 16677, 16684, 16714, 16731, 16740, 16893, 16950, 16958, 16972, 17009, 17015, 17048, 17052, 17059, 17094, 17112, 17167, 17202, 17211, 17235, 17240, 17253, 17266, 17285, 17335, 17344, 17347, 17367, 17368, 17382, 17383, 17396, 17425, 17448, 17458, 17460, 17462, 17646, 17674, 17718, 17746, 17753, 17760, 17772, 17790, 17806, 17818, 17844, 17904, 17921, 17934, 17936, 17967, 17988, 18037, 18108, 18150, 18168, 18171, 18198, 18203, 18359, 18377, 18385, 18447, 18476, 18490, 18508, 18528, 18628, 18642, 18705, 18734, 18761, 18778, 18828, 18829, 18851, 18872, 18886, 18903, 18909, 18929, 18951, 18973, 18989, 19010, 19108, 19134, 19170, 19213, 19224, 19227, 19274, 19297, 19324, 19372, 19376, 19458, 19463, 19485, 19494, 19496, 19525, 19539, 19553, 19563, 19592, 19637, 19649, 19654, 19663, 19700, 19715, 19759, 19767, 19775, 19806, 19862, 19897, 19948, 19968, 19978, 19988, 19992, 20040, 20046, 20056, 20060, 20102, 20104, 20115, 20120, 20133, 20147, 20150, 20167, 20236, 20242, 20259, 20295, 20304, 20346, 20366, 20417, 20418, 20456, 20526, 20561, 20569, 20570, 20571, 20594, 20633, 20672, 20701, 20720, 20733, 20735, 20747, 20748, 20755, 20756, 20757, 20787, 20797, 20800, 20802, 20817, 20835, 20856, 20880, 20916, 20923, 20946, 20999, 21002, 21004, 21007, 21022, 21060, 21066, 21068, 21105, 21114, 21128, 21129, 21143, 21156, 21171, 21182, 21227, 21254, 21259, 21276, 21334, 21357, 21372, 21393, 21406, 21422, 21436, 21477, 21481, 21492, 21513, 21518, 21520, 21528, 21563, 21571, 21606, 21623, 21651, 21662, 21672, 21706, 21729, 21755, 21758, 21767, 21779, 21782, 21786, 21788, 21789, 21799, 21820, 21881, 21954, 21988, 22015, 22029, 22069, 22099, 22101, 22102, 22117, 22119, 22120, 22186, 22187, 22251, 22253, 22273, 22310, 22313, 22318, 22326, 22337, 22362, 22374, 22424, 22461, 22509, 22512, 22522, 22529, 22552, 22554, 22568, 22592, 22605, 22659, 22685, 22714, 22738, 22741, 22748, 22759, 22762, 22767, 22788, 22791, 22862, 22873, 22897, 22911, 22955, 22981, 22992, 23015, 23020, 23031, 23038, 23069, 23073, 23092, 23119, 23173, 23176, 23195, 23201, 23270, 23321, 23389, 23426, 23434, 23460, 23498, 23514, 23626, 23658, 23667, 23685, 23741, 23780, 23782, 23792, 23800, 23808, 23831, 23844, 23880, 23889, 23909, 23919, 23952, 23958, 23959, 23991, 24002, 24048, 24061, 24063, 24089, 24121, 24133, 24136, 24258, 24263, 24326, 24349, 24357, 24360, 24393, 24403, 24431, 24447, 24454, 24457, 24465, 24466, 24496, 24516, 24552, 24572, 24614, 24647, 24688, 24693, 24705, 24712, 24714, 24729, 24744, 24756, 24766, 24770, 24771, 24801, 24804, 24809, 24839, 24886, 24890, 24918, 24921, 24927, 24929, 24952]"
672efb58-f319-4fdf-8ead-56100a302dd6,0.05,0,"[6, 39, 70, 92, 100, 123, 129, 150, 229, 247, 255, 330, 405, 441, 458, 485, 494, 497, 509, 535, 544, 567, 573, 681, 700, 703, 758, 759, 785, 790, 906, 915, 937, 971, 976, 1045, 1053, 1084, 1099, 1117, 1153, 1156, 1163, 1189, 1216, 1219, 1264, 1273, 1279, 1309, 1311, 1339, 1363, 1400, 1415, 1428, 1466, 1477, 1492, 1499, 1535, 1543, 1544, 1568, 1621, 1663, 1664, 1680, 1684, 1710, 1743, 1748, 1765, 1799, 1821, 1843, 1875, 1883, 1889, 1900, 1971, 1994, 2033, 2054, 2105, 2110, 2178, 2207, 2221, 2243, 2257, 2315, 2326, 2349, 2372, 2373, 2393, 2404, 2406, 2411, 2420, 2433, 2435, 2451, 2456, 2471, 2498, 2519, 2523, 2550, 2565, 2591, 2607, 2660, 2679, 2681, 2706, 2708, 2710, 2737, 2746, 2750, 2761, 2781, 2782, 2793, 2797, 2819, 2830, 2836, 2840, 2858, 2886, 2927, 2930, 2932, 2975, 2985, 3003, 3038, 3066, 3074, 3077, 3099, 3134, 3150, 3155, 3171, 3174, 3188, 3207, 3243, 3304, 3312, 3317, 3335, 3343, 3345, 3355, 3393, 3405, 3416, 3422, 3450, 3488, 3509, 3520, 3527, 3537, 3545, 3558, 3559, 3586, 3587, 3591, 3599, 3601, 3603, 3622, 3623, 3641, 3649, 3656, 3685, 3686, 3732, 3747, 3749, 3802, 3820, 3838, 3840, 3866, 3893, 3904, 3965, 3979, 3992, 4005, 4029, 4035, 4080, 4092, 4105, 4112, 4120, 4134, 4154, 4166, 4171, 4184, 4185, 4238, 4252, 4261, 4368, 4369, 4379, 4383, 4390, 4448, 4479, 4520, 4529, 4544, 4570, 4571, 4576, 4590, 4595, 4606, 4626, 4648, 4652, 4673, 4716, 4726, 4783, 4792, 4797, 4874, 4881, 4887, 4955, 4957, 4970, 4972, 4981, 4994, 5006, 5013, 5017, 5023, 5051, 5061, 5081, 5089, 5101, 5116, 5147, 5182, 5187, 5204, 5230, 5231, 5257, 5276, 5280, 5317, 5364, 5372, 5402, 5407, 5408, 5417, 5442, 5521, 5543, 5550, 5568, 5608, 5611, 5631, 5654, 5661, 5666, 5667, 5672, 5700, 5702, 5714, 5734, 5742, 5748, 5849, 5874, 5950, 5982, 5988, 6027, 6035, 6155, 6156, 6170, 6177, 6213, 6265, 6300, 6373, 6447, 6552, 6568, 6576, 6600, 6607, 6613, 6638, 6665, 6688, 6738, 6748, 6765, 6783, 6794, 6835, 6868, 6876, 6887, 6890, 6917, 6929, 6949, 6958, 6976, 7047, 7057, 7067, 7076, 7095, 7116, 7120, 7146, 7166, 7189, 7280, 7319, 7352, 7385, 7439, 7463, 7486, 7495, 7503, 7533, 7534, 7537, 7566, 7586, 7609, 7674, 7683, 7723, 7738, 7767, 7772, 7805, 7826, 7828, 7868, 7873, 7907, 7926, 7955, 7995, 8021, 8028, 8029, 8068, 8089, 8094, 8099, 8155, 8192, 8193, 8196, 8210, 8217, 8247, 8250, 8254, 8256, 8272, 8288, 8291, 8373, 8396, 8398, 8406, 8412, 8418, 8492, 8493, 8511, 8535, 8589, 8615, 8641, 8667, 8671, 8723, 8751, 8783, 8785, 8791, 8813, 8853, 8861, 8886, 8899, 8900, 8925, 8943, 8949, 8958, 8961, 8974, 9017, 9080, 9085, 9108, 9126, 9154, 9163, 9181, 9196, 9210, 9221, 9233, 9258, 9263, 9269, 9283, 9293, 9341, 9365, 9366, 9392, 9427, 9436, 9460, 9474, 9514, 9530, 9544, 9546, 9560, 9604, 9679, 9787, 9802, 9812, 9854, 9872, 9887, 9902, 9935, 9948, 9952, 9985, 10009, 10036, 10039, 10067, 10072, 10102, 10112, 10131, 10168, 10182, 10210, 10211, 10269, 10293, 10294, 10307, 10325, 10339, 10354, 10362, 10369, 10371, 10392, 10407, 10417, 10504, 10513, 10533, 10566, 10567, 10577, 10578, 10586, 10622, 10670, 10708, 10710, 10716, 10724, 10743, 10745, 10804, 10822, 10827, 10849, 10856, 10859, 10916, 10937, 10962, 10997, 10999, 11015, 11032, 11101, 11119, 11132, 11164, 11165, 11190, 11222, 11235, 11246, 11252, 11258, 11289, 11311, 11316, 11327, 11341, 11348, 11353, 11357, 11388, 11398, 11409, 11420, 11474, 11506, 11529, 11558, 11559, 11574, 11589, 11617, 11632, 11637, 11640, 11649, 11706, 11719, 11720, 11759, 11764, 11786, 11788, 11799, 11810, 11824, 11837, 11840, 11936, 11952, 11984, 11987, 11996, 12008, 12013, 12024, 12037, 12050, 12072, 12128, 12153, 12218, 12230, 12252, 12254, 12261, 12319, 12375, 12400, 12406, 12445, 12456, 12464, 12491, 12527, 12565, 12568, 12586, 12587, 12613, 12628, 12633, 12644, 12646, 12664, 12668, 12690, 12728, 12750, 12766, 12768, 12780, 12793, 12795, 12816, 12836, 12863, 12880, 12904, 12924, 12937, 12954, 12956, 12958, 12959, 12961, 12994, 12996, 12999, 13069, 13097, 13106, 13181, 13183, 13223, 13259, 13327, 13352, 13365, 13429, 13445, 13448, 13480, 13503, 13521, 13524, 13525, 13552, 13564, 13568, 13575, 13603, 13620, 13622, 13628, 13639, 13647, 13702, 13708, 13722, 13745, 13764, 13773, 13780, 13820, 13853, 13885, 13969, 13989, 13995, 14011, 14024, 14033, 14060, 14064, 14078, 14098, 14100, 14129, 14220, 14231, 14234, 14254, 14303, 14310, 14311, 14413, 14417, 14447, 14448, 14470, 14571, 14577, 14579, 14584, 14590, 14624, 14642, 14647, 14665, 14669, 14704, 14717, 14743, 14748, 14777, 14790, 14798, 14802, 14809, 14852, 14854, 14866, 14869, 14870, 14895, 14902, 14923, 14933, 14939, 14947, 14993, 15007, 15027, 15051, 15077, 15120, 15122, 15134, 15135, 15147, 15167, 15172, 15190, 15192, 15207, 15246, 15252, 15261, 15293, 15296, 15302, 15323, 15339, 15368, 15373, 15421, 15444, 15467, 15489, 15493, 15503, 15517, 15548, 15550, 15551, 15595, 15602, 15609, 15610, 15641, 15647, 15676, 15694, 15730, 15804, 15813, 15817, 15846, 15903, 15907, 15942, 15949, 15957, 16017, 16018, 16052, 16059, 16062, 16088, 16115, 16142, 16148, 16152, 16159, 16164, 16177, 16195, 16199, 16202, 16216, 16225, 16233, 16254, 16294, 16307, 16322, 16326, 16346, 16407, 16429, 16447, 16450, 16453, 16476, 16479, 16481, 16504, 16525, 16544, 16567, 16589, 16595, 16611, 16614, 16659, 16677, 16684, 16714, 16731, 16740, 16893, 16950, 16958, 16972, 17009, 17015, 17048, 17052, 17059, 17094, 17112, 17167, 17202, 17211, 17235, 17240, 17253, 17266, 17285, 17335, 17344, 17347, 17367, 17368, 17382, 17383, 17396, 17425, 17448, 17458, 17460, 17462, 17646, 17674, 17718, 17746, 17753, 17760, 17772, 17790, 17806, 17818, 17844, 17904, 17921, 17934, 17936, 17967, 17988, 18037, 18108, 18150, 18168, 18171, 18198, 18203, 18359, 18377, 18385, 18447, 18476, 18490, 18508, 18528, 18628, 18642, 18705, 18734, 18761, 18778, 18828, 18829, 18851, 18872, 18886, 18903, 18909, 18929, 18951, 18973, 18989, 19010, 19108, 19134, 19170, 19213, 19224, 19227, 19274, 19297, 19324, 19372, 19376, 19458, 19463, 19485, 19494, 19496, 19525, 19539, 19553, 19563, 19592, 19637, 19649, 19654, 19663, 19700, 19715, 19759, 19767, 19775, 19806, 19862, 19897, 19948, 19968, 19978, 19988, 19992, 20040, 20046, 20056, 20060, 20102, 20104, 20115, 20120, 20133, 20147, 20150, 20167, 20236, 20242, 20259, 20295, 20304, 20346, 20366, 20417, 20418, 20456, 20526, 20561, 20569, 20570, 20571, 20594, 20633, 20672, 20701, 20720, 20733, 20735, 20747, 20748, 20755, 20756, 20757, 20787, 20797, 20800, 20802, 20817, 20835, 20856, 20880, 20916, 20923, 20946, 20999, 21002, 21004, 21007, 21022, 21060, 21066, 21068, 21105, 21114, 21128, 21129, 21143, 21156, 21171, 21182, 21227, 21254, 21259, 21276, 21334, 21357, 21372, 21393, 21406, 21422, 21436, 21477, 21481, 21492, 21513, 21518, 21520, 21528, 21563, 21571, 21606, 21623, 21651, 21662, 21672, 21706, 21729, 21755, 21758, 21767, 21779, 21782, 21786, 21788, 21789, 21799, 21820, 21881, 21954, 21988, 22015, 22029, 22069, 22099, 22101, 22102, 22117, 22119, 22120, 22186, 22187, 22251, 22253, 22273, 22310, 22313, 22318, 22326, 22337, 22362, 22374, 22424, 22461, 22509, 22512, 22522, 22529, 22552, 22554, 22568, 22592, 22605, 22659, 22685, 22714, 22738, 22741, 22748, 22759, 22762, 22767, 22788, 22791, 22862, 22873, 22897, 22911, 22955, 22981, 22992, 23015, 23020, 23031, 23038, 23069, 23073, 23092, 23119, 23173, 23176, 23195, 23201, 23270, 23321, 23389, 23426, 23434, 23460, 23498, 23514, 23626, 23658, 23667, 23685, 23741, 23780, 23782, 23792, 23800, 23808, 23831, 23844, 23880, 23889, 23909, 23919, 23952, 23958, 23959, 23991, 24002, 24048, 24061, 24063, 24089, 24121, 24133, 24136, 24258, 24263, 24326, 24349, 24357, 24360, 24393, 24403, 24431, 24447, 24454, 24457, 24465, 24466, 24496, 24516, 24552, 24572, 24614, 24647, 24688, 24693, 24705, 24712, 24714, 24729, 24744, 24756, 24766, 24770, 24771, 24801, 24804, 24809, 24839, 24886, 24890, 24918, 24921, 24927, 24929, 24952]"
0fbfa42e-1fba-481e-bf53-81765f5720b9,0.05,0,"[6, 39, 70, 92, 100, 123, 129, 150, 229, 247, 255, 330, 405, 441, 458, 485, 494, 497, 509, 535, 544, 567, 573, 681, 700, 703, 758, 759, 785, 790, 906, 915, 937, 971, 976, 1045, 1053, 1084, 1099, 1117, 1153, 1156, 1163, 1189, 1216, 1219, 1264, 1273, 1279, 1309, 1311, 1339, 1363, 1400, 1415, 1428, 1466, 1477, 1492, 1499, 1535, 1543, 1544, 1568, 1621, 1663, 1664, 1680, 1684, 1710, 1743, 1748, 1765, 1799, 1821, 1843, 1875, 1883, 1889, 1900, 1971, 1994, 2033, 2054, 2105, 2110, 2178, 2207, 2221, 2243, 2257, 2315, 2326, 2349, 2372, 2373, 2393, 2404, 2406, 2411, 2420, 2433, 2435, 2451, 2456, 2471, 2498, 2519, 2523, 2550, 2565, 2591, 2607, 2660, 2679, 2681, 2706, 2708, 2710, 2737, 2746, 2750, 2761, 2781, 2782, 2793, 2797, 2819, 2830, 2836, 2840, 2858, 2886, 2927, 2930, 2932, 2975, 2985, 3003, 3038, 3066, 3074, 3077, 3099, 3134, 3150, 3155, 3171, 3174, 3188, 3207, 3243, 3304, 3312, 3317, 3335, 3343, 3345, 3355, 3393, 3405, 3416, 3422, 3450, 3488, 3509, 3520, 3527, 3537, 3545, 3558, 3559, 3586, 3587, 3591, 3599, 3601, 3603, 3622, 3623, 3641, 3649, 3656, 3685, 3686, 3732, 3747, 3749, 3802, 3820, 3838, 3840, 3866, 3893, 3904, 3965, 3979, 3992, 4005, 4029, 4035, 4080, 4092, 4105, 4112, 4120, 4134, 4154, 4166, 4171, 4184, 4185, 4238, 4252, 4261, 4368, 4369, 4379, 4383, 4390, 4448, 4479, 4520, 4529, 4544, 4570, 4571, 4576, 4590, 4595, 4606, 4626, 4648, 4652, 4673, 4716, 4726, 4783, 4792, 4797, 4874, 4881, 4887, 4955, 4957, 4970, 4972, 4981, 4994, 5006, 5013, 5017, 5023, 5051, 5061, 5081, 5089, 5101, 5116, 5147, 5182, 5187, 5204, 5230, 5231, 5257, 5276, 5280, 5317, 5364, 5372, 5402, 5407, 5408, 5417, 5442, 5521, 5543, 5550, 5568, 5608, 5611, 5631, 5654, 5661, 5666, 5667, 5672, 5700, 5702, 5714, 5734, 5742, 5748, 5849, 5874, 5950, 5982, 5988, 6027, 6035, 6155, 6156, 6170, 6177, 6213, 6265, 6300, 6373, 6447, 6552, 6568, 6576, 6600, 6607, 6613, 6638, 6665, 6688, 6738, 6748, 6765, 6783, 6794, 6835, 6868, 6876, 6887, 6890, 6917, 6929, 6949, 6958, 6976, 7047, 7057, 7067, 7076, 7095, 7116, 7120, 7146, 7166, 7189, 7280, 7319, 7352, 7385, 7439, 7463, 7486, 7495, 7503, 7533, 7534, 7537, 7566, 7586, 7609, 7674, 7683, 7723, 7738, 7767, 7772, 7805, 7826, 7828, 7868, 7873, 7907, 7926, 7955, 7995, 8021, 8028, 8029, 8068, 8089, 8094, 8099, 8155, 8192, 8193, 8196, 8210, 8217, 8247, 8250, 8254, 8256, 8272, 8288, 8291, 8373, 8396, 8398, 8406, 8412, 8418, 8492, 8493, 8511, 8535, 8589, 8615, 8641, 8667, 8671, 8723, 8751, 8783, 8785, 8791, 8813, 8853, 8861, 8886, 8899, 8900, 8925, 8943, 8949, 8958, 8961, 8974, 9017, 9080, 9085, 9108, 9126, 9154, 9163, 9181, 9196, 9210, 9221, 9233, 9258, 9263, 9269, 9283, 9293, 9341, 9365, 9366, 9392, 9427, 9436, 9460, 9474, 9514, 9530, 9544, 9546, 9560, 9604, 9679, 9787, 9802, 9812, 9854, 9872, 9887, 9902, 9935, 9948, 9952, 9985, 10009, 10036, 10039, 10067, 10072, 10102, 10112, 10131, 10168, 10182, 10210, 10211, 10269, 10293, 10294, 10307, 10325, 10339, 10354, 10362, 10369, 10371, 10392, 10407, 10417, 10504, 10513, 10533, 10566, 10567, 10577, 10578, 10586, 10622, 10670, 10708, 10710, 10716, 10724, 10743, 10745, 10804, 10822, 10827, 10849, 10856, 10859, 10916, 10937, 10962, 10997, 10999, 11015, 11032, 11101, 11119, 11132, 11164, 11165, 11190, 11222, 11235, 11246, 11252, 11258, 11289, 11311, 11316, 11327, 11341, 11348, 11353, 11357, 11388, 11398, 11409, 11420, 11474, 11506, 11529, 11558, 11559, 11574, 11589, 11617, 11632, 11637, 11640, 11649, 11706, 11719, 11720, 11759, 11764, 11786, 11788, 11799, 11810, 11824, 11837, 11840, 11936, 11952, 11984, 11987, 11996, 12008, 12013, 12024, 12037, 12050, 12072, 12128, 12153, 12218, 12230, 12252, 12254, 12261, 12319, 12375, 12400, 12406, 12445, 12456, 12464, 12491, 12527, 12565, 12568, 12586, 12587, 12613, 12628, 12633, 12644, 12646, 12664, 12668, 12690, 12728, 12750, 12766, 12768, 12780, 12793, 12795, 12816, 12836, 12863, 12880, 12904, 12924, 12937, 12954, 12956, 12958, 12959, 12961, 12994, 12996, 12999, 13069, 13097, 13106, 13181, 13183, 13223, 13259, 13327, 13352, 13365, 13429, 13445, 13448, 13480, 13503, 13521, 13524, 13525, 13552, 13564, 13568, 13575, 13603, 13620, 13622, 13628, 13639, 13647, 13702, 13708, 13722, 13745, 13764, 13773, 13780, 13820, 13853, 13885, 13969, 13989, 13995, 14011, 14024, 14033, 14060, 14064, 14078, 14098, 14100, 14129, 14220, 14231, 14234, 14254, 14303, 14310, 14311, 14413, 14417, 14447, 14448, 14470, 14571, 14577, 14579, 14584, 14590, 14624, 14642, 14647, 14665, 14669, 14704, 14717, 14743, 14748, 14777, 14790, 14798, 14802, 14809, 14852, 14854, 14866, 14869, 14870, 14895, 14902, 14923, 14933, 14939, 14947, 14993, 15007, 15027, 15051, 15077, 15120, 15122, 15134, 15135, 15147, 15167, 15172, 15190, 15192, 15207, 15246, 15252, 15261, 15293, 15296, 15302, 15323, 15339, 15368, 15373, 15421, 15444, 15467, 15489, 15493, 15503, 15517, 15548, 15550, 15551, 15595, 15602, 15609, 15610, 15641, 15647, 15676, 15694, 15730, 15804, 15813, 15817, 15846, 15903, 15907, 15942, 15949, 15957, 16017, 16018, 16052, 16059, 16062, 16088, 16115, 16142, 16148, 16152, 16159, 16164, 16177, 16195, 16199, 16202, 16216, 16225, 16233, 16254, 16294, 16307, 16322, 16326, 16346, 16407, 16429, 16447, 16450, 16453, 16476, 16479, 16481, 16504, 16525, 16544, 16567, 16589, 16595, 16611, 16614, 16659, 16677, 16684, 16714, 16731, 16740, 16893, 16950, 16958, 16972, 17009, 17015, 17048, 17052, 17059, 17094, 17112, 17167, 17202, 17211, 17235, 17240, 17253, 17266, 17285, 17335, 17344, 17347, 17367, 17368, 17382, 17383, 17396, 17425, 17448, 17458, 17460, 17462, 17646, 17674, 17718, 17746, 17753, 17760, 17772, 17790, 17806, 17818, 17844, 17904, 17921, 17934, 17936, 17967, 17988, 18037, 18108, 18150, 18168, 18171, 18198, 18203, 18359, 18377, 18385, 18447, 18476, 18490, 18508, 18528, 18628, 18642, 18705, 18734, 18761, 18778, 18828, 18829, 18851, 18872, 18886, 18903, 18909, 18929, 18951, 18973, 18989, 19010, 19108, 19134, 19170, 19213, 19224, 19227, 19274, 19297, 19324, 19372, 19376, 19458, 19463, 19485, 19494, 19496, 19525, 19539, 19553, 19563, 19592, 19637, 19649, 19654, 19663, 19700, 19715, 19759, 19767, 19775, 19806, 19862, 19897, 19948, 19968, 19978, 19988, 19992, 20040, 20046, 20056, 20060, 20102, 20104, 20115, 20120, 20133, 20147, 20150, 20167, 20236, 20242, 20259, 20295, 20304, 20346, 20366, 20417, 20418, 20456, 20526, 20561, 20569, 20570, 20571, 20594, 20633, 20672, 20701, 20720, 20733, 20735, 20747, 20748, 20755, 20756, 20757, 20787, 20797, 20800, 20802, 20817, 20835, 20856, 20880, 20916, 20923, 20946, 20999, 21002, 21004, 21007, 21022, 21060, 21066, 21068, 21105, 21114, 21128, 21129, 21143, 21156, 21171, 21182, 21227, 21254, 21259, 21276, 21334, 21357, 21372, 21393, 21406, 21422, 21436, 21477, 21481, 21492, 21513, 21518, 21520, 21528, 21563, 21571, 21606, 21623, 21651, 21662, 21672, 21706, 21729, 21755, 21758, 21767, 21779, 21782, 21786, 21788, 21789, 21799, 21820, 21881, 21954, 21988, 22015, 22029, 22069, 22099, 22101, 22102, 22117, 22119, 22120, 22186, 22187, 22251, 22253, 22273, 22310, 22313, 22318, 22326, 22337, 22362, 22374, 22424, 22461, 22509, 22512, 22522, 22529, 22552, 22554, 22568, 22592, 22605, 22659, 22685, 22714, 22738, 22741, 22748, 22759, 22762, 22767, 22788, 22791, 22862, 22873, 22897, 22911, 22955, 22981, 22992, 23015, 23020, 23031, 23038, 23069, 23073, 23092, 23119, 23173, 23176, 23195, 23201, 23270, 23321, 23389, 23426, 23434, 23460, 23498, 23514, 23626, 23658, 23667, 23685, 23741, 23780, 23782, 23792, 23800, 23808, 23831, 23844, 23880, 23889, 23909, 23919, 23952, 23958, 23959, 23991, 24002, 24048, 24061, 24063, 24089, 24121, 24133, 24136, 24258, 24263, 24326, 24349, 24357, 24360, 24393, 24403, 24431, 24447, 24454, 24457, 24465, 24466, 24496, 24516, 24552, 24572, 24614, 24647, 24688, 24693, 24705, 24712, 24714, 24729, 24744, 24756, 24766, 24770, 24771, 24801, 24804, 24809, 24839, 24886, 24890, 24918, 24921, 24927, 24929, 24952]"
75e40d1e-b579-49fd-9957-7d86bfc26010,0.05,0,"[6, 39, 70, 92, 100, 123, 129, 150, 229, 247, 255, 330, 405, 441, 458, 485, 494, 497, 509, 535, 544, 567, 573, 681, 700, 703, 758, 759, 785, 790, 906, 915, 937, 971, 976, 1045, 1053, 1084, 1099, 1117, 1153, 1156, 1163, 1189, 1216, 1219, 1264, 1273, 1279, 1309, 1311, 1339, 1363, 1400, 1415, 1428, 1466, 1477, 1492, 1499, 1535, 1543, 1544, 1568, 1621, 1663, 1664, 1680, 1684, 1710, 1743, 1748, 1765, 1799, 1821, 1843, 1875, 1883, 1889, 1900, 1971, 1994, 2033, 2054, 2105, 2110, 2178, 2207, 2221, 2243, 2257, 2315, 2326, 2349, 2372, 2373, 2393, 2404, 2406, 2411, 2420, 2433, 2435, 2451, 2456, 2471, 2498, 2519, 2523, 2550, 2565, 2591, 2607, 2660, 2679, 2681, 2706, 2708, 2710, 2737, 2746, 2750, 2761, 2781, 2782, 2793, 2797, 2819, 2830, 2836, 2840, 2858, 2886, 2927, 2930, 2932, 2975, 2985, 3003, 3038, 3066, 3074, 3077, 3099, 3134, 3150, 3155, 3171, 3174, 3188, 3207, 3243, 3304, 3312, 3317, 3335, 3343, 3345, 3355, 3393, 3405, 3416, 3422, 3450, 3488, 3509, 3520, 3527, 3537, 3545, 3558, 3559, 3586, 3587, 3591, 3599, 3601, 3603, 3622, 3623, 3641, 3649, 3656, 3685, 3686, 3732, 3747, 3749, 3802, 3820, 3838, 3840, 3866, 3893, 3904, 3965, 3979, 3992, 4005, 4029, 4035, 4080, 4092, 4105, 4112, 4120, 4134, 4154, 4166, 4171, 4184, 4185, 4238, 4252, 4261, 4368, 4369, 4379, 4383, 4390, 4448, 4479, 4520, 4529, 4544, 4570, 4571, 4576, 4590, 4595, 4606, 4626, 4648, 4652, 4673, 4716, 4726, 4783, 4792, 4797, 4874, 4881, 4887, 4955, 4957, 4970, 4972, 4981, 4994, 5006, 5013, 5017, 5023, 5051, 5061, 5081, 5089, 5101, 5116, 5147, 5182, 5187, 5204, 5230, 5231, 5257, 5276, 5280, 5317, 5364, 5372, 5402, 5407, 5408, 5417, 5442, 5521, 5543, 5550, 5568, 5608, 5611, 5631, 5654, 5661, 5666, 5667, 5672, 5700, 5702, 5714, 5734, 5742, 5748, 5849, 5874, 5950, 5982, 5988, 6027, 6035, 6155, 6156, 6170, 6177, 6213, 6265, 6300, 6373, 6447, 6552, 6568, 6576, 6600, 6607, 6613, 6638, 6665, 6688, 6738, 6748, 6765, 6783, 6794, 6835, 6868, 6876, 6887, 6890, 6917, 6929, 6949, 6958, 6976, 7047, 7057, 7067, 7076, 7095, 7116, 7120, 7146, 7166, 7189, 7280, 7319, 7352, 7385, 7439, 7463, 7486, 7495, 7503, 7533, 7534, 7537, 7566, 7586, 7609, 7674, 7683, 7723, 7738, 7767, 7772, 7805, 7826, 7828, 7868, 7873, 7907, 7926, 7955, 7995, 8021, 8028, 8029, 8068, 8089, 8094, 8099, 8155, 8192, 8193, 8196, 8210, 8217, 8247, 8250, 8254, 8256, 8272, 8288, 8291, 8373, 8396, 8398, 8406, 8412, 8418, 8492, 8493, 8511, 8535, 8589, 8615, 8641, 8667, 8671, 8723, 8751, 8783, 8785, 8791, 8813, 8853, 8861, 8886, 8899, 8900, 8925, 8943, 8949, 8958, 8961, 8974, 9017, 9080, 9085, 9108, 9126, 9154, 9163, 9181, 9196, 9210, 9221, 9233, 9258, 9263, 9269, 9283, 9293, 9341, 9365, 9366, 9392, 9427, 9436, 9460, 9474, 9514, 9530, 9544, 9546, 9560, 9604, 9679, 9787, 9802, 9812, 9854, 9872, 9887, 9902, 9935, 9948, 9952, 9985, 10009, 10036, 10039, 10067, 10072, 10102, 10112, 10131, 10168, 10182, 10210, 10211, 10269, 10293, 10294, 10307, 10325, 10339, 10354, 10362, 10369, 10371, 10392, 10407, 10417, 10504, 10513, 10533, 10566, 10567, 10577, 10578, 10586, 10622, 10670, 10708, 10710, 10716, 10724, 10743, 10745, 10804, 10822, 10827, 10849, 10856, 10859, 10916, 10937, 10962, 10997, 10999, 11015, 11032, 11101, 11119, 11132, 11164, 11165, 11190, 11222, 11235, 11246, 11252, 11258, 11289, 11311, 11316, 11327, 11341, 11348, 11353, 11357, 11388, 11398, 11409, 11420, 11474, 11506, 11529, 11558, 11559, 11574, 11589, 11617, 11632, 11637, 11640, 11649, 11706, 11719, 11720, 11759, 11764, 11786, 11788, 11799, 11810, 11824, 11837, 11840, 11936, 11952, 11984, 11987, 11996, 12008, 12013, 12024, 12037, 12050, 12072, 12128, 12153, 12218, 12230, 12252, 12254, 12261, 12319, 12375, 12400, 12406, 12445, 12456, 12464, 12491, 12527, 12565, 12568, 12586, 12587, 12613, 12628, 12633, 12644, 12646, 12664, 12668, 12690, 12728, 12750, 12766, 12768, 12780, 12793, 12795, 12816, 12836, 12863, 12880, 12904, 12924, 12937, 12954, 12956, 12958, 12959, 12961, 12994, 12996, 12999, 13069, 13097, 13106, 13181, 13183, 13223, 13259, 13327, 13352, 13365, 13429, 13445, 13448, 13480, 13503, 13521, 13524, 13525, 13552, 13564, 13568, 13575, 13603, 13620, 13622, 13628, 13639, 13647, 13702, 13708, 13722, 13745, 13764, 13773, 13780, 13820, 13853, 13885, 13969, 13989, 13995, 14011, 14024, 14033, 14060, 14064, 14078, 14098, 14100, 14129, 14220, 14231, 14234, 14254, 14303, 14310, 14311, 14413, 14417, 14447, 14448, 14470, 14571, 14577, 14579, 14584, 14590, 14624, 14642, 14647, 14665, 14669, 14704, 14717, 14743, 14748, 14777, 14790, 14798, 14802, 14809, 14852, 14854, 14866, 14869, 14870, 14895, 14902, 14923, 14933, 14939, 14947, 14993, 15007, 15027, 15051, 15077, 15120, 15122, 15134, 15135, 15147, 15167, 15172, 15190, 15192, 15207, 15246, 15252, 15261, 15293, 15296, 15302, 15323, 15339, 15368, 15373, 15421, 15444, 15467, 15489, 15493, 15503, 15517, 15548, 15550, 15551, 15595, 15602, 15609, 15610, 15641, 15647, 15676, 15694, 15730, 15804, 15813, 15817, 15846, 15903, 15907, 15942, 15949, 15957, 16017, 16018, 16052, 16059, 16062, 16088, 16115, 16142, 16148, 16152, 16159, 16164, 16177, 16195, 16199, 16202, 16216, 16225, 16233, 16254, 16294, 16307, 16322, 16326, 16346, 16407, 16429, 16447, 16450, 16453, 16476, 16479, 16481, 16504, 16525, 16544, 16567, 16589, 16595, 16611, 16614, 16659, 16677, 16684, 16714, 16731, 16740, 16893, 16950, 16958, 16972, 17009, 17015, 17048, 17052, 17059, 17094, 17112, 17167, 17202, 17211, 17235, 17240, 17253, 17266, 17285, 17335, 17344, 17347, 17367, 17368, 17382, 17383, 17396, 17425, 17448, 17458, 17460, 17462, 17646, 17674, 17718, 17746, 17753, 17760, 17772, 17790, 17806, 17818, 17844, 17904, 17921, 17934, 17936, 17967, 17988, 18037, 18108, 18150, 18168, 18171, 18198, 18203, 18359, 18377, 18385, 18447, 18476, 18490, 18508, 18528, 18628, 18642, 18705, 18734, 18761, 18778, 18828, 18829, 18851, 18872, 18886, 18903, 18909, 18929, 18951, 18973, 18989, 19010, 19108, 19134, 19170, 19213, 19224, 19227, 19274, 19297, 19324, 19372, 19376, 19458, 19463, 19485, 19494, 19496, 19525, 19539, 19553, 19563, 19592, 19637, 19649, 19654, 19663, 19700, 19715, 19759, 19767, 19775, 19806, 19862, 19897, 19948, 19968, 19978, 19988, 19992, 20040, 20046, 20056, 20060, 20102, 20104, 20115, 20120, 20133, 20147, 20150, 20167, 20236, 20242, 20259, 20295, 20304, 20346, 20366, 20417, 20418, 20456, 20526, 20561, 20569, 20570, 20571, 20594, 20633, 20672, 20701, 20720, 20733, 20735, 20747, 20748, 20755, 20756, 20757, 20787, 20797, 20800, 20802, 20817, 20835, 20856, 20880, 20916, 20923, 20946, 20999, 21002, 21004, 21007, 21022, 21060, 21066, 21068, 21105, 21114, 21128, 21129, 21143, 21156, 21171, 21182, 21227, 21254, 21259, 21276, 21334, 21357, 21372, 21393, 21406, 21422, 21436, 21477, 21481, 21492, 21513, 21518, 21520, 21528, 21563, 21571, 21606, 21623, 21651, 21662, 21672, 21706, 21729, 21755, 21758, 21767, 21779, 21782, 21786, 21788, 21789, 21799, 21820, 21881, 21954, 21988, 22015, 22029, 22069, 22099, 22101, 22102, 22117, 22119, 22120, 22186, 22187, 22251, 22253, 22273, 22310, 22313, 22318, 22326, 22337, 22362, 22374, 22424, 22461, 22509, 22512, 22522, 22529, 22552, 22554, 22568, 22592, 22605, 22659, 22685, 22714, 22738, 22741, 22748, 22759, 22762, 22767, 22788, 22791, 22862, 22873, 22897, 22911, 22955, 22981, 22992, 23015, 23020, 23031, 23038, 23069, 23073, 23092, 23119, 23173, 23176, 23195, 23201, 23270, 23321, 23389, 23426, 23434, 23460, 23498, 23514, 23626, 23658, 23667, 23685, 23741, 23780, 23782, 23792, 23800, 23808, 23831, 23844, 23880, 23889, 23909, 23919, 23952, 23958, 23959, 23991, 24002, 24048, 24061, 24063, 24089, 24121, 24133, 24136, 24258, 24263, 24326, 24349, 24357, 24360, 24393, 24403, 24431, 24447, 24454, 24457, 24465, 24466, 24496, 24516, 24552, 24572, 24614, 24647, 24688, 24693, 24705, 24712, 24714, 24729, 24744, 24756, 24766, 24770, 24771, 24801, 24804, 24809, 24839, 24886, 24890, 24918, 24921, 24927, 24929, 24952]"
5c0a88f4-cb0a-4617-89af-3ac498137273,0.05,0,"[25, 80, 140, 163, 176, 210, 213, 250, 329, 332, 369, 405, 444, 445, 473, 475, 477, 481, 502, 516, 549, 568, 585, 607, 618, 623, 631, 640, 668, 698, 710, 732, 745, 746, 748, 755, 777, 812, 823]"
92964a0a-8acb-4d2c-91b6-4a7328836fb1,0.05,0,"[25, 80, 140, 163, 176, 210, 213, 250, 329, 332, 369, 405, 444, 445, 473, 475, 477, 481, 502, 516, 549, 568, 585, 607, 618, 623, 631, 640, 668, 698, 710, 732, 745, 746, 748, 755, 777, 812, 823]"
fb3928dc-c2e5-4eb2-ae11-53f79e0495ff,0.05,0,"[25, 80, 140, 163, 176, 210, 213, 250, 329, 332, 369, 405, 444, 445, 473, 475, 477, 481, 502, 516, 549, 568, 585, 607, 618, 623, 631, 640, 668, 698, 710, 732, 745, 746, 748, 755, 777, 812, 823]"
751b0368-9eb8-420e-ab93-bfcba1dc55d4,0.05,0,"[25, 80, 140, 163, 176, 210, 213, 250, 329, 332, 369, 405, 444, 445, 473, 475, 477, 481, 502, 516, 549, 568, 585, 607, 618, 623, 631, 640, 668, 698, 710, 732, 745, 746, 748, 755, 777, 812, 823]"
1b0b21d0-84a7-4d25-8da8-a5129b63c9ea,0.05,0,"[11, 57, 102, 108, 129, 132, 140, 210, 267, 309, 312, 320, 372, 386, 418, 427, 431, 448, 482, 513, 523, 548, 587, 619, 627, 643, 670, 699, 702, 733, 741, 752, 767, 781, 782, 786, 789, 813, 815, 828, 838, 839, 858, 875, 881, 1006, 1093, 1104, 1106, 1118, 1155, 1158, 1164, 1166, 1168, 1203, 1249, 1279, 1308, 1309, 1319, 1326, 1362, 1369, 1377, 1382, 1403, 1411, 1426, 1427, 1463, 1469, 1476, 1488, 1521, 1556, 1569, 1580, 1610, 1695, 1709, 1724, 1763, 1765, 1766, 1769, 1826, 1829, 1848, 1878, 1885, 1891, 1902, 1929, 1935, 1954, 1983, 1984, 2013, 2056, 2077, 2102, 2117, 2119, 2183, 2192, 2212, 2297, 2317, 2340, 2341, 2371, 2377, 2390, 2405, 2408, 2425, 2451, 2460, 2483, 2554, 2556, 2561, 2610, 2622, 2635, 2650, 2666, 2692, 2700, 2702, 2708, 2713, 2730, 2751, 2782, 2852, 2865, 2882, 2897]"
03d192ee-7a37-4e20-aac0-58459a26308f,0.05,0,"[11, 57, 102, 108, 129, 132, 140, 210, 267, 309, 312, 320, 372, 386, 418, 427, 431, 448, 482, 513, 523, 548, 587, 619, 627, 643, 670, 699, 702, 733, 741, 752, 767, 781, 782, 786, 789, 813, 815, 828, 838, 839, 858, 875, 881, 1006, 1093, 1104, 1106, 1118, 1155, 1158, 1164, 1166, 1168, 1203, 1249, 1279, 1308, 1309, 1319, 1326, 1362, 1369, 1377, 1382, 1403, 1411, 1426, 1427, 1463, 1469, 1476, 1488, 1521, 1556, 1569, 1580, 1610, 1695, 1709, 1724, 1763, 1765, 1766, 1769, 1826, 1829, 1848, 1878, 1885, 1891, 1902, 1929, 1935, 1954, 1983, 1984, 2013, 2056, 2077, 2102, 2117, 2119, 2183, 2192, 2212, 2297, 2317, 2340, 2341, 2371, 2377, 2390, 2405, 2408, 2425, 2451, 2460, 2483, 2554, 2556, 2561, 2610, 2622, 2635, 2650, 2666, 2692, 2700, 2702, 2708, 2713, 2730, 2751, 2782, 2852, 2865, 2882, 2897]"
19cacbb5-c870-46d1-84d1-6119b040ea64,0.05,0,"[11, 57, 102, 108, 129, 132, 140, 210, 267, 309, 312, 320, 372, 386, 418, 427, 431, 448, 482, 513, 523, 548, 587, 619, 627, 643, 670, 699, 702, 733, 741, 752, 767, 781, 782, 786, 789, 813, 815, 828, 838, 839, 858, 875, 881, 1006, 1093, 1104, 1106, 1118, 1155, 1158, 1164, 1166, 1168, 1203, 1249, 1279, 1308, 1309, 1319, 1326, 1362, 1369, 1377, 1382, 1403, 1411, 1426, 1427, 1463, 1469, 1476, 1488, 1521, 1556, 1569, 1580, 1610, 1695, 1709, 1724, 1763, 1765, 1766, 1769, 1826, 1829, 1848, 1878, 1885, 1891, 1902, 1929, 1935, 1954, 1983, 1984, 2013, 2056, 2077, 2102, 2117, 2119, 2183, 2192, 2212, 2297, 2317, 2340, 2341, 2371, 2377, 2390, 2405, 2408, 2425, 2451, 2460, 2483, 2554, 2556, 2561, 2610, 2622, 2635, 2650, 2666, 2692, 2700, 2702, 2708, 2713, 2730, 2751, 2782, 2852, 2865, 2882, 2897]"
421a596d-f696-4571-9222-2887be4d73c0,0.05,0,"[11, 57, 102, 108, 129, 132, 140, 210, 267, 309, 312, 320, 372, 386, 418, 427, 431, 448, 482, 513, 523, 548, 587, 619, 627, 643, 670, 699, 702, 733, 741, 752, 767, 781, 782, 786, 789, 813, 815, 828, 838, 839, 858, 875, 881, 1006, 1093, 1104, 1106, 1118, 1155, 1158, 1164, 1166, 1168, 1203, 1249, 1279, 1308, 1309, 1319, 1326, 1362, 1369, 1377, 1382, 1403, 1411, 1426, 1427, 1463, 1469, 1476, 1488, 1521, 1556, 1569, 1580, 1610, 1695, 1709, 1724, 1763, 1765, 1766, 1769, 1826, 1829, 1848, 1878, 1885, 1891, 1902, 1929, 1935, 1954, 1983, 1984, 2013, 2056, 2077, 2102, 2117, 2119, 2183, 2192, 2212, 2297, 2317, 2340, 2341, 2371, 2377, 2390, 2405, 2408, 2425, 2451, 2460, 2483, 2554, 2556, 2561, 2610, 2622, 2635, 2650, 2666, 2692, 2700, 2702, 2708, 2713, 2730, 2751, 2782, 2852, 2865, 2882, 2897]"
396681bd-95f0-4a79-8b8a-226bfc34a01b,0.05,0,"[0, 35, 108, 135, 159, 166, 203, 210, 282, 294, 311, 337, 349, 359, 361, 378, 382, 392, 411, 437, 442, 452, 458, 463, 513, 515, 575, 586, 693, 796, 830, 883, 925, 969, 984, 1000, 1038, 1054, 1057, 1076, 1088, 1096, 1105, 1114, 1123, 1125, 1166, 1168, 1190, 1213, 1221, 1259, 1279, 1344, 1354, 1389, 1391, 1419, 1425, 1448, 1516, 1555, 1568, 1595, 1602, 1631, 1633, 1642, 1666, 1674, 1712, 1732, 1764, 1795, 1805, 1811, 1844, 1846, 1858, 1928, 1941, 1961, 1981, 1987, 2006, 2012, 2027, 2070, 2091, 2095, 2111, 2113, 2116, 2123, 2131, 2161, 2212, 2237, 2244, 2314, 2342, 2366, 2381, 2387, 2417, 2460, 2480, 2498, 2530, 2541, 2573, 2576, 2610, 2622, 2638, 2679, 2692, 2695, 2697, 2701, 2719, 2724, 2736, 2752, 2754, 2786, 2792, 2804, 2820, 2829, 2849, 2890, 2940, 2945, 2965, 2997, 3000, 3003, 3006, 3008, 3015, 3063, 3068, 3085, 3100, 3120, 3129, 3137, 3146, 3152, 3158, 3169, 3175, 3197, 3225, 3229, 3255, 3283, 3287, 3298, 3332, 3333, 3335, 3341, 3345, 3353, 3384, 3429, 3440, 3470, 3479, 3480, 3486, 3502, 3506, 3526, 3569, 3585, 3597, 3619, 3632, 3635, 3643, 3663, 3668, 3696, 3699, 3753, 3757, 3851, 3852, 3853, 3957, 3963, 3971, 4029, 4054, 4069, 4070, 4104, 4133, 4165, 4221, 4268, 4303, 4335, 4391, 4419, 4478, 4484, 4496, 4518, 4537, 4545, 4613, 4621, 4652, 4658, 4662, 4665, 4693, 4711, 4714, 4715, 4716, 4751, 4764, 4785, 4793, 4795, 4833, 4876, 4884]"
1d289b57-4c0f-4629-b5a2-38b103ab3db5,0.05,0,"[0, 35, 108, 135, 159, 166, 203, 210, 282, 294, 311, 337, 349, 359, 361, 378, 382, 392, 411, 437, 442, 452, 458, 463, 513, 515, 575, 586, 693, 796, 830, 883, 925, 969, 984, 1000, 1038, 1054, 1057, 1076, 1088, 1096, 1105, 1114, 1123, 1125, 1166, 1168, 1190, 1213, 1221, 1259, 1279, 1344, 1354, 1389, 1391, 1419, 1425, 1448, 1516, 1555, 1568, 1595, 1602, 1631, 1633, 1642, 1666, 1674, 1712, 1732, 1764, 1795, 1805, 1811, 1844, 1846, 1858, 1928, 1941, 1961, 1981, 1987, 2006, 2012, 2027, 2070, 2091, 2095, 2111, 2113, 2116, 2123, 2131, 2161, 2212, 2237, 2244, 2314, 2342, 2366, 2381, 2387, 2417, 2460, 2480, 2498, 2530, 2541, 2573, 2576, 2610, 2622, 2638, 2679, 2692, 2695, 2697, 2701, 2719, 2724, 2736, 2752, 2754, 2786, 2792, 2804, 2820, 2829, 2849, 2890, 2940, 2945, 2965, 2997, 3000, 3003, 3006, 3008, 3015, 3063, 3068, 3085, 3100, 3120, 3129, 3137, 3146, 3152, 3158, 3169, 3175, 3197, 3225, 3229, 3255, 3283, 3287, 3298, 3332, 3333, 3335, 3341, 3345, 3353, 3384, 3429, 3440, 3470, 3479, 3480, 3486, 3502, 3506, 3526, 3569, 3585, 3597, 3619, 3632, 3635, 3643, 3663, 3668, 3696, 3699, 3753, 3757, 3851, 3852, 3853, 3957, 3963, 3971, 4029, 4054, 4069, 4070, 4104, 4133, 4165, 4221, 4268, 4303, 4335, 4391, 4419, 4478, 4484, 4496, 4518, 4537, 4545, 4613, 4621, 4652, 4658, 4662, 4665, 4693, 4711, 4714, 4715, 4716, 4751, 4764, 4785, 4793, 4795, 4833, 4876, 4884]"
bc8731ea-da28-4aff-83ac-df403ee8619a,0.05,0,"[0, 35, 108, 135, 159, 166, 203, 210, 282, 294, 311, 337, 349, 359, 361, 378, 382, 392, 411, 437, 442, 452, 458, 463, 513, 515, 575, 586, 693, 796, 830, 883, 925, 969, 984, 1000, 1038, 1054, 1057, 1076, 1088, 1096, 1105, 1114, 1123, 1125, 1166, 1168, 1190, 1213, 1221, 1259, 1279, 1344, 1354, 1389, 1391, 1419, 1425, 1448, 1516, 1555, 1568, 1595, 1602, 1631, 1633, 1642, 1666, 1674, 1712, 1732, 1764, 1795, 1805, 1811, 1844, 1846, 1858, 1928, 1941, 1961, 1981, 1987, 2006, 2012, 2027, 2070, 2091, 2095, 2111, 2113, 2116, 2123, 2131, 2161, 2212, 2237, 2244, 2314, 2342, 2366, 2381, 2387, 2417, 2460, 2480, 2498, 2530, 2541, 2573, 2576, 2610, 2622, 2638, 2679, 2692, 2695, 2697, 2701, 2719, 2724, 2736, 2752, 2754, 2786, 2792, 2804, 2820, 2829, 2849, 2890, 2940, 2945, 2965, 2997, 3000, 3003, 3006, 3008, 3015, 3063, 3068, 3085, 3100, 3120, 3129, 3137, 3146, 3152, 3158, 3169, 3175, 3197, 3225, 3229, 3255, 3283, 3287, 3298, 3332, 3333, 3335, 3341, 3345, 3353, 3384, 3429, 3440, 3470, 3479, 3480, 3486, 3502, 3506, 3526, 3569, 3585, 3597, 3619, 3632, 3635, 3643, 3663, 3668, 3696, 3699, 3753, 3757, 3851, 3852, 3853, 3957, 3963, 3971, 4029, 4054, 4069, 4070, 4104, 4133, 4165, 4221, 4268, 4303, 4335, 4391, 4419, 4478, 4484, 4496, 4518, 4537, 4545, 4613, 4621, 4652, 4658, 4662, 4665, 4693, 4711, 4714, 4715, 4716, 4751, 4764, 4785, 4793, 4795, 4833, 4876, 4884]"
a762e696-c755-4a49-bd62-1ab828daf3bd,0.05,0,"[0, 35, 108, 135, 159, 166, 203, 210, 282, 294, 311, 337, 349, 359, 361, 378, 382, 392, 411, 437, 442, 452, 458, 463, 513, 515, 575, 586, 693, 796, 830, 883, 925, 969, 984, 1000, 1038, 1054, 1057, 1076, 1088, 1096, 1105, 1114, 1123, 1125, 1166, 1168, 1190, 1213, 1221, 1259, 1279, 1344, 1354, 1389, 1391, 1419, 1425, 1448, 1516, 1555, 1568, 1595, 1602, 1631, 1633, 1642, 1666, 1674, 1712, 1732, 1764, 1795, 1805, 1811, 1844, 1846, 1858, 1928, 1941, 1961, 1981, 1987, 2006, 2012, 2027, 2070, 2091, 2095, 2111, 2113, 2116, 2123, 2131, 2161, 2212, 2237, 2244, 2314, 2342, 2366, 2381, 2387, 2417, 2460, 2480, 2498, 2530, 2541, 2573, 2576, 2610, 2622, 2638, 2679, 2692, 2695, 2697, 2701, 2719, 2724, 2736, 2752, 2754, 2786, 2792, 2804, 2820, 2829, 2849, 2890, 2940, 2945, 2965, 2997, 3000, 3003, 3006, 3008, 3015, 3063, 3068, 3085, 3100, 3120, 3129, 3137, 3146, 3152, 3158, 3169, 3175, 3197, 3225, 3229, 3255, 3283, 3287, 3298, 3332, 3333, 3335, 3341, 3345, 3353, 3384, 3429, 3440, 3470, 3479, 3480, 3486, 3502, 3506, 3526, 3569, 3585, 3597, 3619, 3632, 3635, 3643, 3663, 3668, 3696, 3699, 3753, 3757, 3851, 3852, 3853, 3957, 3963, 3971, 4029, 4054, 4069, 4070, 4104, 4133, 4165, 4221, 4268, 4303, 4335, 4391, 4419, 4478, 4484, 4496, 4518, 4537, 4545, 4613, 4621, 4652, 4658, 4662, 4665, 4693, 4711, 4714, 4715, 4716, 4751, 4764, 4785, 4793, 4795, 4833, 4876, 4884]"
